feature,vif
imdb_rating,23.844262115166835
log_imdb_num_votes,21.160747196539194
avg_trend_score,2.2958023324341448
