,imdb_rating,imdb_rating,imdb_rating,imdb_num_votes,imdb_num_votes,imdb_num_votes,avg_trend_score,avg_trend_score,avg_trend_score,total_weeks_top10,total_weeks_top10,total_weeks_top10,best_weekly_rank,best_weekly_rank,best_weekly_rank,release_year,release_year,release_year
,mean,median,std,mean,median,std,mean,median,std,mean,median,std,mean,median,std,mean,median,std
in_top10,,,,,,,,,,,,,,,,,,
non_hit,7.155307262569832,7.3,1.0412893317781802,36518.452513966484,5836.0,94789.54717168545,26.941255224256228,18.50943396226415,22.202903454987517,0.0,0.0,0.0,,,,2017.1884816753927,2017.0,4.435036734960937
hit,7.276960784313726,7.5,0.9326103935930617,86196.61274509804,35600.0,167594.23276662163,18.49086347638042,10.9811320754717,17.74726365189218,3.7777777777777777,3.0,3.637572124382733,3.9613526570048307,3.0,2.9916476134381993,2020.5169082125603,2021.0,3.5015189639126154
