in_top10,count,proportion
1,207,0.5201005025125628
0,191,0.4798994974874372
