in_top10,count,proportion
0,2982,0.9336255479023169
1,212,0.06637445209768315
