{
  "n_train": 285,
  "n_test": 98,
  "accuracy": 0.6224489795918368,
  "precision": 0.8235294117647058,
  "recall": 0.6,
  "f1": 0.6942148760330579,
  "roc_auc": 0.6280612244897958
}