feature,importance
log_imdb_num_votes,0.45523388756504357
avg_trend_score,0.3141907894660463
imdb_rating,0.23057532296891012
