accuracy,precision,recall,f1,roc_auc
0.6122448979591837,0.7857142857142857,0.6285714285714286,0.6984126984126984,0.6525510204081633
