accuracy,precision,recall,f1,roc_auc,pr_auc,random_state
0.8153153153153153,0.3829787234042553,0.2535211267605634,0.3050847457627119,0.7720046822489899,0.35078193137292957,42
